id,first_name,last_name,email,gender,is_celebrity,dp_url
1,Willie,Abilowitz,wabilowitz0@xing.com,Agender,true,https://robohash.org/assumendasolutased.png?size=50x50&set=set1
2,Betteann,O'Dowling,bodowling1@google.co.uk,Bigender,false,https://robohash.org/quianonnostrum.png?size=50x50&set=set1
3,Nicholle,Lawlor,nlawlor2@nba.com,Agender,false,https://robohash.org/voluptatemsimiliquevoluptatem.png?size=50x50&set=set1
4,Lothario,O'Shields,loshields3@dagondesign.com,Non-binary,true,https://robohash.org/aperiaminperferendis.png?size=50x50&set=set1
5,Alexia,Agates,aagates4@mtv.com,Genderqueer,false,https://robohash.org/nihilconsecteturaut.png?size=50x50&set=set1
6,Panchito,Purver,ppurver5@bigcartel.com,Genderfluid,false,https://robohash.org/exoptioqui.png?size=50x50&set=set1
7,Garreth,Steere,gsteere6@cbsnews.com,Agender,false,https://robohash.org/voluptatemearumreprehenderit.png?size=50x50&set=set1
8,Cory,Kinnie,ckinnie7@dion.ne.jp,Non-binary,true,https://robohash.org/nametenim.png?size=50x50&set=set1
9,Padgett,Bigg,pbigg8@chicagotribune.com,Female,false,https://robohash.org/necessitatibusinducimus.png?size=50x50&set=set1
10,Raoul,Bane,rbane9@t.co,Male,false,https://robohash.org/consectetursunttenetur.png?size=50x50&set=set1
11,Brinna,Cullingford,bcullingforda@gov.uk,Genderqueer,false,https://robohash.org/etquitempora.png?size=50x50&set=set1
12,Marylinda,Jeeks,mjeeksb@patch.com,Polygender,false,https://robohash.org/nonvelitducimus.png?size=50x50&set=set1
13,Elle,Redferne,eredfernec@linkedin.com,Male,true,https://robohash.org/quisquamodioaut.png?size=50x50&set=set1
14,Bibi,Salliere,bsalliered@xing.com,Genderqueer,true,https://robohash.org/doloresearumquibusdam.png?size=50x50&set=set1
15,Maurizio,Florez,mfloreze@independent.co.uk,Non-binary,true,https://robohash.org/autemsuntbeatae.png?size=50x50&set=set1
16,Barrie,Loosley,bloosleyf@utexas.edu,Bigender,true,https://robohash.org/atqueodionumquam.png?size=50x50&set=set1
17,Hoebart,Gwinn,hgwinng@amazon.co.uk,Polygender,false,https://robohash.org/adauterror.png?size=50x50&set=set1
18,Merell,Clee,mcleeh@yale.edu,Bigender,true,https://robohash.org/insitomnis.png?size=50x50&set=set1
19,Jodie,Stapels,jstapelsi@youtube.com,Bigender,false,https://robohash.org/suscipitautsaepe.png?size=50x50&set=set1
20,Kinsley,Jennings,kjenningsj@baidu.com,Male,true,https://robohash.org/sitaperiamaliquam.png?size=50x50&set=set1
21,Janelle,Skaif,jskaifk@naver.com,Female,false,https://robohash.org/nihilautnulla.png?size=50x50&set=set1
22,Amil,Alessandretti,aalessandrettil@unicef.org,Bigender,false,https://robohash.org/quaeveroconsequatur.png?size=50x50&set=set1
23,Doralin,Nichols,dnicholsm@hao123.com,Bigender,true,https://robohash.org/deseruntofficiaeos.png?size=50x50&set=set1
24,Marie,Munton,mmuntonn@eepurl.com,Genderqueer,true,https://robohash.org/sedautea.png?size=50x50&set=set1
25,Hector,Mulchrone,hmulchroneo@joomla.org,Female,true,https://robohash.org/voluptasnihildicta.png?size=50x50&set=set1
26,Jess,Pallister,jpallisterp@gnu.org,Genderqueer,false,https://robohash.org/facerererumnihil.png?size=50x50&set=set1
27,Raine,Ossenna,rossennaq@sphinn.com,Agender,true,https://robohash.org/illumsedquia.png?size=50x50&set=set1
28,Rene,Sherrington,rsherringtonr@360.cn,Bigender,false,https://robohash.org/aliquidaperiamrepudiandae.png?size=50x50&set=set1
29,Luci,Coverly,lcoverlys@yelp.com,Polygender,true,https://robohash.org/voluptasfugaqui.png?size=50x50&set=set1
30,Dion,Banat,dbanatt@parallels.com,Genderqueer,true,https://robohash.org/etdelenitirem.png?size=50x50&set=set1
31,Karissa,Cogar,kcogaru@irs.gov,Agender,true,https://robohash.org/debitisperspiciatisnihil.png?size=50x50&set=set1
32,Suzie,Dosdale,sdosdalev@godaddy.com,Bigender,true,https://robohash.org/expeditaofficiisarchitecto.png?size=50x50&set=set1
33,Chadd,Blankhorn,cblankhornw@spiegel.de,Female,false,https://robohash.org/debitismolestiaedelectus.png?size=50x50&set=set1
34,Meggy,Chadderton,mchaddertonx@mayoclinic.com,Non-binary,false,https://robohash.org/pariaturullamvoluptas.png?size=50x50&set=set1
35,Dreddy,Ferenc,dferency@imgur.com,Male,false,https://robohash.org/vitaeetvoluptate.png?size=50x50&set=set1
36,Allistir,Kubecka,akubeckaz@ft.com,Female,true,https://robohash.org/laborumeumaliquam.png?size=50x50&set=set1
37,Brittan,Snook,bsnook10@gnu.org,Genderqueer,false,https://robohash.org/molestiaepossimusperspiciatis.png?size=50x50&set=set1
38,Win,Howe,whowe11@facebook.com,Non-binary,false,https://robohash.org/voluptatumasperioresquos.png?size=50x50&set=set1
39,Bobbie,Domone,bdomone12@ehow.com,Female,false,https://robohash.org/quamidquia.png?size=50x50&set=set1
40,Aylmer,Tsarovic,atsarovic13@ocn.ne.jp,Polygender,false,https://robohash.org/modiutrerum.png?size=50x50&set=set1
41,Josepha,Bambury,jbambury14@omniture.com,Bigender,false,https://robohash.org/adipisciplaceatnatus.png?size=50x50&set=set1
42,Farly,Oldfield-Cherry,foldfieldcherry15@umich.edu,Male,true,https://robohash.org/voluptatesrerumquos.png?size=50x50&set=set1
43,Bordy,Stepto,bstepto16@newsvine.com,Non-binary,true,https://robohash.org/expeditaadeaque.png?size=50x50&set=set1
44,Dulcinea,Simson,dsimson17@scientificamerican.com,Genderfluid,false,https://robohash.org/possimusasperioresvel.png?size=50x50&set=set1
45,Francene,Boorn,fboorn18@csmonitor.com,Non-binary,true,https://robohash.org/voluptatemmolestiaeducimus.png?size=50x50&set=set1
46,Dorice,Reijmers,dreijmers19@wufoo.com,Non-binary,true,https://robohash.org/eumsolutacorporis.png?size=50x50&set=set1
47,Merry,Molloy,mmolloy1a@ucsd.edu,Genderqueer,false,https://robohash.org/remquasifugit.png?size=50x50&set=set1
48,Corri,Descroix,cdescroix1b@e-recht24.de,Genderqueer,true,https://robohash.org/temporenonrepellat.png?size=50x50&set=set1
49,Nevins,Glaves,nglaves1c@linkedin.com,Agender,false,https://robohash.org/involuptatibuset.png?size=50x50&set=set1
50,Erinn,Critchell,ecritchell1d@blogspot.com,Male,true,https://robohash.org/velvoluptatemquia.png?size=50x50&set=set1
51,Tabby,Wile,twile1e@nbcnews.com,Genderqueer,false,https://robohash.org/ipsamfacereest.png?size=50x50&set=set1
52,Rachel,Nolleau,rnolleau1f@vistaprint.com,Female,false,https://robohash.org/deserunttemporibusdoloribus.png?size=50x50&set=set1
53,Hank,Rubel,hrubel1g@statcounter.com,Agender,true,https://robohash.org/adquamharum.png?size=50x50&set=set1
54,Carina,Hurkett,churkett1h@salon.com,Male,false,https://robohash.org/autveritatisexercitationem.png?size=50x50&set=set1
55,Gregorio,Dusey,gdusey1i@yahoo.co.jp,Female,true,https://robohash.org/etrerumut.png?size=50x50&set=set1
56,Corissa,Clipsham,cclipsham1j@devhub.com,Agender,false,https://robohash.org/illoquisconsequatur.png?size=50x50&set=set1
57,Austin,Hendrichs,ahendrichs1k@salon.com,Polygender,true,https://robohash.org/errordoloresfacere.png?size=50x50&set=set1
58,Luther,Pheasey,lpheasey1l@goo.ne.jp,Bigender,true,https://robohash.org/quiaquioccaecati.png?size=50x50&set=set1
59,Ursala,Gavaran,ugavaran1m@bbb.org,Bigender,true,https://robohash.org/doloremdistinctiomodi.png?size=50x50&set=set1
60,Kassia,Enderson,kenderson1n@dropbox.com,Bigender,false,https://robohash.org/quisquametiste.png?size=50x50&set=set1
61,Merill,Exell,mexell1o@sitemeter.com,Non-binary,true,https://robohash.org/impeditblanditiisut.png?size=50x50&set=set1
62,Sharl,Teacy,steacy1p@nifty.com,Non-binary,false,https://robohash.org/teneturliberoomnis.png?size=50x50&set=set1
63,Konstantin,Nunan,knunan1q@oakley.com,Polygender,false,https://robohash.org/nonsimiliquedolorem.png?size=50x50&set=set1
64,Kristine,Edel,kedel1r@shinystat.com,Agender,true,https://robohash.org/ducimuserrorcumque.png?size=50x50&set=set1
65,Kayla,McLaine,kmclaine1s@newyorker.com,Male,false,https://robohash.org/doloresveniamsit.png?size=50x50&set=set1
66,Jeannine,Eldershaw,jeldershaw1t@unblog.fr,Non-binary,false,https://robohash.org/voluptatibussapientequi.png?size=50x50&set=set1
67,Pammi,Rochester,prochester1u@noaa.gov,Polygender,true,https://robohash.org/quamvelperspiciatis.png?size=50x50&set=set1
68,Johann,Seath,jseath1v@newyorker.com,Genderfluid,false,https://robohash.org/dolorullamest.png?size=50x50&set=set1
69,Amity,Twentyman,atwentyman1w@yale.edu,Genderfluid,false,https://robohash.org/temporecumquenecessitatibus.png?size=50x50&set=set1
70,Benetta,Thorius,bthorius1x@yellowbook.com,Female,true,https://robohash.org/rerumnesciuntsit.png?size=50x50&set=set1
71,Peri,Binch,pbinch1y@sakura.ne.jp,Genderfluid,false,https://robohash.org/aliquidomnissint.png?size=50x50&set=set1
72,Arni,Brickell,abrickell1z@independent.co.uk,Male,true,https://robohash.org/quietdoloremque.png?size=50x50&set=set1
73,Marne,Garz,mgarz20@globo.com,Agender,false,https://robohash.org/eacommodisunt.png?size=50x50&set=set1
74,Fernandina,Jorcke,fjorcke21@quantcast.com,Genderqueer,false,https://robohash.org/dolorillodolores.png?size=50x50&set=set1
75,Ody,Shiels,oshiels22@census.gov,Male,false,https://robohash.org/quiaadpraesentium.png?size=50x50&set=set1
76,Corby,Grigoriev,cgrigoriev23@usatoday.com,Genderqueer,false,https://robohash.org/nihilporromaxime.png?size=50x50&set=set1
77,Cameron,Kitchin,ckitchin24@hibu.com,Polygender,false,https://robohash.org/enimlaboriosamaspernatur.png?size=50x50&set=set1
78,Sarge,Headan,sheadan25@mashable.com,Female,false,https://robohash.org/consequaturipsumquod.png?size=50x50&set=set1
79,Gizela,Troup,gtroup26@thetimes.co.uk,Genderfluid,true,https://robohash.org/debitisinciduntdolores.png?size=50x50&set=set1
80,Lorita,Gouly,lgouly27@patch.com,Female,false,https://robohash.org/verodoloribusratione.png?size=50x50&set=set1
81,Joanne,Espinha,jespinha28@umn.edu,Non-binary,true,https://robohash.org/estliberolaudantium.png?size=50x50&set=set1
82,Natalina,Stallen,nstallen29@whitehouse.gov,Bigender,true,https://robohash.org/voluptaslaborumvoluptatum.png?size=50x50&set=set1
83,Karry,Filewood,kfilewood2a@spotify.com,Female,false,https://robohash.org/etliberoaut.png?size=50x50&set=set1
84,Katrina,Chopy,kchopy2b@arizona.edu,Female,true,https://robohash.org/doloribusplaceatdolor.png?size=50x50&set=set1
85,Julissa,Jenny,jjenny2c@economist.com,Genderqueer,false,https://robohash.org/mollitiaautemlabore.png?size=50x50&set=set1
86,Helaine,Suero,hsuero2d@theatlantic.com,Non-binary,true,https://robohash.org/suntperspiciatismaiores.png?size=50x50&set=set1
87,Jeannie,Touhig,jtouhig2e@accuweather.com,Male,false,https://robohash.org/voluptatumetea.png?size=50x50&set=set1
88,Camellia,Tregust,ctregust2f@de.vu,Polygender,true,https://robohash.org/eiusnonquam.png?size=50x50&set=set1
89,Finn,Slack,fslack2g@abc.net.au,Agender,false,https://robohash.org/molestiasdoloresatque.png?size=50x50&set=set1
90,Agnesse,Cartan,acartan2h@chron.com,Non-binary,true,https://robohash.org/suntautquia.png?size=50x50&set=set1
91,Renata,Seares,rseares2i@npr.org,Bigender,true,https://robohash.org/voluptatibusetin.png?size=50x50&set=set1
92,Biron,Duell,bduell2j@bravesites.com,Non-binary,true,https://robohash.org/voluptatemquiaillum.png?size=50x50&set=set1
93,Nobe,Biddwell,nbiddwell2k@zdnet.com,Genderqueer,false,https://robohash.org/reiciendisinventoreconsequatur.png?size=50x50&set=set1
94,Nigel,Ricardo,nricardo2l@examiner.com,Bigender,true,https://robohash.org/omnisveritatisut.png?size=50x50&set=set1
95,Sena,Megson,smegson2m@flickr.com,Genderfluid,false,https://robohash.org/debitisanimiomnis.png?size=50x50&set=set1
96,Minnaminnie,Osgardby,mosgardby2n@epa.gov,Polygender,true,https://robohash.org/officiaeumquis.png?size=50x50&set=set1
97,Hymie,Lambis,hlambis2o@senate.gov,Genderfluid,false,https://robohash.org/innullaaspernatur.png?size=50x50&set=set1
98,Rose,Van Halen,rvanhalen2p@weather.com,Non-binary,true,https://robohash.org/errortemporibusaccusamus.png?size=50x50&set=set1
99,Micheil,Stoute,mstoute2q@geocities.com,Genderqueer,false,https://robohash.org/sapientererumratione.png?size=50x50&set=set1
100,Ursola,Titta,utitta2r@ft.com,Polygender,false,https://robohash.org/minusdoloremnon.png?size=50x50&set=set1
101,Clywd,Stone,cstone2s@wikipedia.org,Agender,false,https://robohash.org/sapienteisteipsa.png?size=50x50&set=set1
102,Helena,Boot,hboot2t@reddit.com,Male,true,https://robohash.org/quoexpeditaeum.png?size=50x50&set=set1
103,Culley,Choupin,cchoupin2u@nymag.com,Genderqueer,false,https://robohash.org/similiquetemporibusfuga.png?size=50x50&set=set1
104,Yanaton,Coraini,ycoraini2v@xinhuanet.com,Genderfluid,false,https://robohash.org/providentexdeserunt.png?size=50x50&set=set1
105,Magdalena,Horrell,mhorrell2w@ezinearticles.com,Bigender,false,https://robohash.org/aliquidexplicabosit.png?size=50x50&set=set1
106,Ardelis,Peschmann,apeschmann2x@hibu.com,Female,false,https://robohash.org/autdistinctiopossimus.png?size=50x50&set=set1
107,Renate,Shovelbottom,rshovelbottom2y@ft.com,Genderfluid,false,https://robohash.org/quaeratessemolestiae.png?size=50x50&set=set1
108,Rhody,Colnett,rcolnett2z@cdc.gov,Male,false,https://robohash.org/accusantiumsintvoluptate.png?size=50x50&set=set1
109,Karna,Latter,klatter30@seesaa.net,Genderfluid,false,https://robohash.org/eumautemdolore.png?size=50x50&set=set1
110,Sanford,Hearley,shearley31@gizmodo.com,Agender,false,https://robohash.org/liberoinventorequo.png?size=50x50&set=set1
111,Karel,Scyone,kscyone32@webeden.co.uk,Non-binary,false,https://robohash.org/natusrerumut.png?size=50x50&set=set1
112,Raymund,Ashplant,rashplant33@usnews.com,Non-binary,true,https://robohash.org/nihiletdistinctio.png?size=50x50&set=set1
113,Rosalind,Francklin,rfrancklin34@xing.com,Non-binary,true,https://robohash.org/sedutpariatur.png?size=50x50&set=set1
114,Theressa,Jacobowitz,tjacobowitz35@yellowbook.com,Polygender,false,https://robohash.org/nonetiste.png?size=50x50&set=set1
115,Rupert,Mayhow,rmayhow36@xrea.com,Female,false,https://robohash.org/impeditvitaesunt.png?size=50x50&set=set1
116,Carlotta,Martini,cmartini37@youtu.be,Non-binary,true,https://robohash.org/fugaetexercitationem.png?size=50x50&set=set1
117,Norene,Kincade,nkincade38@cnn.com,Agender,true,https://robohash.org/hicblanditiisenim.png?size=50x50&set=set1
118,Rosabelle,Fairlam,rfairlam39@devhub.com,Genderqueer,true,https://robohash.org/placeatnequecupiditate.png?size=50x50&set=set1
119,Isabelita,Sille,isille3a@wiley.com,Agender,false,https://robohash.org/innobisminima.png?size=50x50&set=set1
120,Calla,Harkins,charkins3b@youtube.com,Genderqueer,false,https://robohash.org/estsuntdolor.png?size=50x50&set=set1
121,Debera,Haacker,dhaacker3c@hao123.com,Polygender,true,https://robohash.org/sitipsumlaudantium.png?size=50x50&set=set1
122,Roxanne,Goullee,rgoullee3d@pbs.org,Female,true,https://robohash.org/consequaturimpeditaut.png?size=50x50&set=set1
123,Galvan,Dyble,gdyble3e@earthlink.net,Non-binary,false,https://robohash.org/autvelitqui.png?size=50x50&set=set1
124,Daisey,Jewkes,djewkes3f@newsvine.com,Non-binary,true,https://robohash.org/sitsolutaconsequuntur.png?size=50x50&set=set1
125,Meryl,Reading,mreading3g@technorati.com,Male,true,https://robohash.org/nobisestsint.png?size=50x50&set=set1
126,Eadith,Hamblett,ehamblett3h@netvibes.com,Non-binary,false,https://robohash.org/dolorearatione.png?size=50x50&set=set1
127,Alejandra,Onions,aonions3i@vk.com,Genderqueer,false,https://robohash.org/nihilanimiquod.png?size=50x50&set=set1
128,Roxanna,Klement,rklement3j@merriam-webster.com,Genderqueer,true,https://robohash.org/culpaconsequaturmollitia.png?size=50x50&set=set1
129,Paxton,Treweela,ptreweela3k@mysql.com,Bigender,true,https://robohash.org/autremquibusdam.png?size=50x50&set=set1
130,Rachel,Bruckshaw,rbruckshaw3l@slideshare.net,Bigender,false,https://robohash.org/adpariaturaut.png?size=50x50&set=set1
131,Thadeus,Thexton,tthexton3m@wisc.edu,Agender,true,https://robohash.org/nisietquas.png?size=50x50&set=set1
132,Tristam,Griffitts,tgriffitts3n@eventbrite.com,Non-binary,true,https://robohash.org/quaminventoretemporibus.png?size=50x50&set=set1
133,Almeria,Waadenburg,awaadenburg3o@huffingtonpost.com,Genderqueer,true,https://robohash.org/inarchitectomolestiae.png?size=50x50&set=set1
134,Bertina,Romanetti,bromanetti3p@phoca.cz,Genderfluid,false,https://robohash.org/voluptatemsitlabore.png?size=50x50&set=set1
135,Conny,Schulkins,cschulkins3q@infoseek.co.jp,Bigender,false,https://robohash.org/fugiatporroqui.png?size=50x50&set=set1
136,Edd,Limpkin,elimpkin3r@shareasale.com,Male,true,https://robohash.org/ipsumquiaet.png?size=50x50&set=set1
137,Marlena,Elt,melt3s@kickstarter.com,Female,false,https://robohash.org/autquidemaut.png?size=50x50&set=set1
138,Tanney,Akess,takess3t@ucla.edu,Non-binary,true,https://robohash.org/autquamet.png?size=50x50&set=set1
139,Maude,Hadigate,mhadigate3u@umn.edu,Genderfluid,false,https://robohash.org/illumdoloresrem.png?size=50x50&set=set1
140,Steffi,Skate,sskate3v@prnewswire.com,Non-binary,true,https://robohash.org/estdoloraut.png?size=50x50&set=set1
141,Lane,Brea,lbrea3w@epa.gov,Agender,true,https://robohash.org/delectusquasieaque.png?size=50x50&set=set1
142,Trixie,Tothe,ttothe3x@umich.edu,Bigender,false,https://robohash.org/nequeautdolor.png?size=50x50&set=set1
143,Hobard,Ney,hney3y@nhs.uk,Polygender,true,https://robohash.org/sintaccusantiumex.png?size=50x50&set=set1
144,Keeley,Vanichkov,kvanichkov3z@bloglines.com,Polygender,true,https://robohash.org/voluptateutquidem.png?size=50x50&set=set1
145,Alexa,Briffett,abriffett40@wikipedia.org,Polygender,true,https://robohash.org/suntestnulla.png?size=50x50&set=set1
146,Adolf,Smithend,asmithend41@sourceforge.net,Genderqueer,false,https://robohash.org/etipsumipsam.png?size=50x50&set=set1
147,Georgena,Box,gbox42@nifty.com,Polygender,false,https://robohash.org/easuntdolor.png?size=50x50&set=set1
148,Pace,Luca,pluca43@reuters.com,Male,true,https://robohash.org/ducimusveroet.png?size=50x50&set=set1
149,Inglebert,Tersay,itersay44@prlog.org,Female,true,https://robohash.org/maximeblanditiismaiores.png?size=50x50&set=set1
150,Jared,Letertre,jletertre45@ustream.tv,Genderqueer,true,https://robohash.org/autemquasiesse.png?size=50x50&set=set1
151,Andrus,Holmyard,aholmyard46@nationalgeographic.com,Polygender,false,https://robohash.org/etdistinctioprovident.png?size=50x50&set=set1
152,Guillemette,Pauleit,gpauleit47@tinypic.com,Female,true,https://robohash.org/ipsaillonecessitatibus.png?size=50x50&set=set1
153,Vince,Scogin,vscogin48@bbb.org,Genderqueer,true,https://robohash.org/doloredelenitiautem.png?size=50x50&set=set1
154,Xever,Haresnape,xharesnape49@reverbnation.com,Genderfluid,true,https://robohash.org/recusandaeofficiisadipisci.png?size=50x50&set=set1
155,Marcela,Rosenstiel,mrosenstiel4a@dedecms.com,Non-binary,false,https://robohash.org/quiutvoluptas.png?size=50x50&set=set1
156,Albina,Briscoe,abriscoe4b@gravatar.com,Genderfluid,true,https://robohash.org/optiosuscipitreprehenderit.png?size=50x50&set=set1
157,Mirabelle,Delve,mdelve4c@google.ca,Non-binary,true,https://robohash.org/estinciduntnam.png?size=50x50&set=set1
158,Otto,Bemwell,obemwell4d@economist.com,Genderqueer,false,https://robohash.org/quidictanon.png?size=50x50&set=set1
159,Matthus,Snasel,msnasel4e@comsenz.com,Genderfluid,true,https://robohash.org/solutaeosomnis.png?size=50x50&set=set1
160,Amelina,Manson,amanson4f@unicef.org,Genderqueer,false,https://robohash.org/inciduntnemoinventore.png?size=50x50&set=set1
161,Normand,Connikie,nconnikie4g@rakuten.co.jp,Genderfluid,false,https://robohash.org/ipsumaccusamusofficiis.png?size=50x50&set=set1
162,Kathryn,Corpes,kcorpes4h@wufoo.com,Genderfluid,true,https://robohash.org/doloreeosqui.png?size=50x50&set=set1
163,Gloriana,Maase,gmaase4i@aboutads.info,Non-binary,true,https://robohash.org/utestnesciunt.png?size=50x50&set=set1
164,Mina,Aberkirdo,maberkirdo4j@altervista.org,Polygender,false,https://robohash.org/voluptatemquisquamesse.png?size=50x50&set=set1
165,Ara,Symers,asymers4k@ftc.gov,Non-binary,false,https://robohash.org/eosquisnisi.png?size=50x50&set=set1
166,Annecorinne,Colt,acolt4l@eepurl.com,Polygender,false,https://robohash.org/sitnihiltempore.png?size=50x50&set=set1
167,Wendie,Yakobowitz,wyakobowitz4m@imdb.com,Genderfluid,true,https://robohash.org/sitoditsunt.png?size=50x50&set=set1
168,Cyndy,Quarton,cquarton4n@tuttocitta.it,Male,true,https://robohash.org/accusantiumaliquamnulla.png?size=50x50&set=set1
169,Norbie,Spurdens,nspurdens4o@fastcompany.com,Male,true,https://robohash.org/etestqui.png?size=50x50&set=set1
170,Felizio,Fishpool,ffishpool4p@dedecms.com,Agender,false,https://robohash.org/eteaquetempore.png?size=50x50&set=set1
171,Zerk,Starking,zstarking4q@gnu.org,Polygender,false,https://robohash.org/delenitiipsamsuscipit.png?size=50x50&set=set1
172,Bailie,Law,blaw4r@sakura.ne.jp,Non-binary,true,https://robohash.org/quidemearerum.png?size=50x50&set=set1
173,Keene,Hamby,khamby4s@meetup.com,Genderfluid,true,https://robohash.org/eligendiquialaborum.png?size=50x50&set=set1
174,Laurette,Wilprecht,lwilprecht4t@123-reg.co.uk,Non-binary,false,https://robohash.org/commodiconsequaturculpa.png?size=50x50&set=set1
175,Denna,Klemke,dklemke4u@go.com,Genderfluid,true,https://robohash.org/nulladeseruntullam.png?size=50x50&set=set1
176,Rebecca,Rawll,rrawll4v@state.gov,Agender,false,https://robohash.org/corruptiasperioresdelectus.png?size=50x50&set=set1
177,Meridith,Harmond,mharmond4w@slashdot.org,Bigender,true,https://robohash.org/autemrationetenetur.png?size=50x50&set=set1
178,Goldi,Laughlan,glaughlan4x@japanpost.jp,Non-binary,false,https://robohash.org/architectovoluptatemipsa.png?size=50x50&set=set1
179,Morgana,Gluyus,mgluyus4y@mediafire.com,Non-binary,false,https://robohash.org/aliassintdolores.png?size=50x50&set=set1
180,Chauncey,MacGettigen,cmacgettigen4z@mozilla.com,Agender,false,https://robohash.org/teneturautlaudantium.png?size=50x50&set=set1
181,Auria,Tanswell,atanswell50@prnewswire.com,Agender,false,https://robohash.org/sequinihilest.png?size=50x50&set=set1
182,Ange,Hackworth,ahackworth51@npr.org,Male,false,https://robohash.org/laboreautmodi.png?size=50x50&set=set1
183,Belia,Pointer,bpointer52@alibaba.com,Non-binary,false,https://robohash.org/architectorepellateos.png?size=50x50&set=set1
184,Cornie,Tizard,ctizard53@imgur.com,Non-binary,true,https://robohash.org/etquidemrepellendus.png?size=50x50&set=set1
185,Layne,Skiplorne,lskiplorne54@elegantthemes.com,Genderqueer,true,https://robohash.org/molestiaealiquidmagni.png?size=50x50&set=set1
186,Daisey,Fairbanks,dfairbanks55@weibo.com,Non-binary,true,https://robohash.org/architectoaliquamtenetur.png?size=50x50&set=set1
187,Nicoline,Skaif,nskaif56@wordpress.org,Genderqueer,true,https://robohash.org/vitaeetiste.png?size=50x50&set=set1
188,Lionel,Scolland,lscolland57@linkedin.com,Genderfluid,false,https://robohash.org/aliasexpeditavel.png?size=50x50&set=set1
189,Jaye,Clipsham,jclipsham58@oracle.com,Non-binary,true,https://robohash.org/etaliasquidem.png?size=50x50&set=set1
190,Abrahan,Rockall,arockall59@answers.com,Bigender,false,https://robohash.org/etestquas.png?size=50x50&set=set1
191,Cam,Nozzolinii,cnozzolinii5a@cbsnews.com,Genderqueer,true,https://robohash.org/optiodoloriusto.png?size=50x50&set=set1
192,Kate,Pudsey,kpudsey5b@soundcloud.com,Non-binary,false,https://robohash.org/temporeetcorrupti.png?size=50x50&set=set1
193,Hill,Blay,hblay5c@google.nl,Female,true,https://robohash.org/remiustolabore.png?size=50x50&set=set1
194,Wally,Leacock,wleacock5d@so-net.ne.jp,Polygender,true,https://robohash.org/temporevoluptatemvel.png?size=50x50&set=set1
195,Josiah,McAughtry,jmcaughtry5e@theguardian.com,Non-binary,true,https://robohash.org/doloremanemo.png?size=50x50&set=set1
196,Lenee,Game,lgame5f@blogs.com,Polygender,true,https://robohash.org/beataevelin.png?size=50x50&set=set1
197,Wendie,Hemphill,whemphill5g@pcworld.com,Male,true,https://robohash.org/utetfuga.png?size=50x50&set=set1
198,Amandi,Bosket,abosket5h@wordpress.org,Non-binary,false,https://robohash.org/laboreutvoluptas.png?size=50x50&set=set1
199,Retha,Penelli,rpenelli5i@yolasite.com,Male,true,https://robohash.org/necessitatibusestexplicabo.png?size=50x50&set=set1
200,Larina,Covelle,lcovelle5j@digg.com,Genderqueer,false,https://robohash.org/vitaequivoluptates.png?size=50x50&set=set1
